interaction_id,prospect_id,email,message_fingerprint,status,created_at,updated_at,follow_up_count,notes
20260930165216-ft-opinion,ft-opinion,opinion@ft.com,d5453a9d50e0b46f37928446d8ab4b3e72f92ab344de4b89ae77b6b9ebb2eaa3,sent,2026-09-30T16:52:16+05:30,2026-09-30T16:52:18+05:30,0,"{""gmail_message_id"": ""1a0f20d1575d132d"", ""gmail_thread_id"": ""1a0f20d1575d132d""}"
20260930165216-money-newsroom,money-newsroom,editor@money.com,720e3b988cd0a32eae967c9cb6b301599b2bf635d93543350a1da2c7ace03e8c,sent,2026-09-30T16:52:16+05:30,2026-09-30T16:52:19+05:30,0,"{""gmail_message_id"": ""1a0f20d15984c243"", ""gmail_thread_id"": ""1a0f20d15984c243""}"
20261004132426-forbes-news-tips,forbes-news-tips,tips@forbes.com,e69c8de9f6823a61aa619db64faa2a49a0c3b53013ecd401d642bd1d2ec1a8ea,reserved,2026-10-04T13:24:26+05:30,2026-10-04T13:24:26+05:30,0,Reserved and persisted before Gmail API send
20261004132426-fortune-personal-finance,fortune-personal-finance,jasmine.suarez@fortune.com,35d485818fa9d96fdbd1ab327115f2e70ab98e0fca94d6c031625d284e062a32,reserved,2026-10-04T13:24:26+05:30,2026-10-04T13:24:26+05:30,0,Reserved and persisted before Gmail API send
20261004132426-business-insider-personal-finance,business-insider-personal-finance,lhaas@businessinsider.com,a70345257d04caac7fdd822acec16549a5b6f5c6fe3bb77e40b67b85acbfd332,reserved,2026-10-04T13:24:26+05:30,2026-10-04T13:24:26+05:30,0,Reserved and persisted before Gmail API send
20261004132426-investopedia-news-tips,investopedia-news-tips,tips@investopedia.com,fcd5bde91a932e4ea28e962966ca25ca3b4cc74757c07b2515773cf084421aa7,reserved,2026-10-04T13:24:26+05:30,2026-10-04T13:24:26+05:30,0,Reserved and persisted before Gmail API send
20261004132426-inc-contributors,inc-contributors,contributors@inc.com,a1bca6feadf1fabd7509812844146c940a05de89473b178b4b8844c2e225d9b3,reserved,2026-10-04T13:24:26+05:30,2026-10-04T13:24:26+05:30,0,Reserved and persisted before Gmail API send
20261004132426-best-finance-resource,best-finance-resource,2500cent@gmail.com,cefeab155d5f66cf38e2e8adad171ead7a536da620f7444eb17919a3e0724103,reserved,2026-10-04T13:24:26+05:30,2026-10-04T13:24:26+05:30,0,Reserved and persisted before Gmail API send
20261004132426-finance-care-online,finance-care-online,admin@finanacecareonline.com,1411c09670d317320c113cc38c3233b89b2f73508e67fb3589659160f951f3e4,reserved,2026-10-04T13:24:26+05:30,2026-10-04T13:24:26+05:30,0,Reserved and persisted before Gmail API send
20261004132426-financebuzz-contributors,financebuzz-contributors,info@financebuzz.net,c804cb41ac973de8d28c0fd414d01dc57d7e8fb06cfd85f0d0d3cf18c7e6babf,reserved,2026-10-04T13:24:26+05:30,2026-10-04T13:24:26+05:30,0,Reserved and persisted before Gmail API send
20261004132426-investmentpedia-contributors,investmentpedia-contributors,investmentpediaorg@gmail.com,ec243bca216c030151d812a4f1a56806567212f4ab416cd64c6bced58157701e,reserved,2026-10-04T13:24:26+05:30,2026-10-04T13:24:26+05:30,0,Reserved and persisted before Gmail API send
20261004132426-financeproper-contributors,financeproper-contributors,tech4english@gmail.com,20cf52e3c273941d70d439bccf0e0c86b7fc8d8ee73731cc0473e47fa3a96843,reserved,2026-10-04T13:24:26+05:30,2026-10-04T13:24:26+05:30,0,Reserved and persisted before Gmail API send
