prospect_id,organization,contact_name,email,channel_type,region,audience_topics,permitted_purpose,eligibility,automation_mode,source_url,source_checked_at,source_evidence,notes,country,timezone
ft-opinion,Financial Times,Opinion Desk,opinion@ft.com,publication,global,"markets,economy,investing,personal finance",Original exclusive opinion proposal,eligible,auto_approved,https://www.ft.com/content/e3e8ff2b-95c7-48f8-9eda-312494422e10,2026-09-30,Official page invites original unpublished opinion proposals to this address; pitches must not be simultaneous and accepted work must be exclusive.,Pitch must offer a new unpublished article; an existing Daily Yield article may be portfolio context only.,Global,America/New_York
money-newsroom,Money,Newsroom,editor@money.com,publication,US,"personal finance,saving,debt,career,taxes,investing",Corrections letters or topics readers would like covered,eligible,auto_approved,https://money.com/contact/,2026-09-30,Official contact page expressly accepts topics readers would like to see covered.,Ask for consideration of a reader-relevant topic; do not represent it as a freelance submission invitation.,United States,America/New_York
business-standard-editorial,Business Standard,Vikas Dhoot,vikas.dhoot@bsmail.in,publication,India,"economy,markets,banking,policy,personal finance",Published editorial contact route,restricted,human_only,https://www.business-standard.com/about-us,2026-09-30,Official About page identifies the editorial lead and address but does not expressly invite unsolicited promotional pitches.,Human review must establish a genuine time-sensitive story idea before any contact.,India,Asia/Kolkata
financial-planning-voices,Financial Planning,Wealth Think Editors,voices@arizent.com,publication,US,"financial planning,wealth management,advisers,investing",Exclusive guest contribution pitch,restricted,human_only,https://www.financial-planning.com/how-to-write-for-financial-planning,2026-09-30,Official guidelines invite pitches but explicitly prohibit AI-generated copy and require an adviser-focused original contribution.,No automated draft or article. A qualified human author must prepare and verify any pitch and manuscript.,United States,America/New_York
strategic-finance,Strategic Finance,Editorial Team,sfmag@imanet.org,magazine,global,"accounting,financial management,corporate finance",Original article query or manuscript,restricted,human_only,https://prodcm.sfmagazine.com/editorial-guidelines-submissions,2026-09-30,Official guidelines invite article queries but require human-written original material grounded in author experience.,No automated draft or manuscript; only a human expert may prepare a submission.,Global,America/New_York
fdic-money-smart,FDIC Money Smart,Consumer Education,consumereducation@fdic.gov,newsletter,US,"financial education,financial literacy,community programs",Money Smart implementation success stories,restricted,excluded,https://www.fdic.gov/consumer-resource-center/money-smart-news,2026-09-30,Official page limits this route to Consumer Education contact and stories showing how Money Smart made a difference.,Daily Yield does not currently document an eligible Money Smart implementation success story.,United States,America/New_York
outlook-letters,Outlook India,Letters Editor,letters@outlookindia.com,magazine,India,"India news,economy,public affairs",Letter to the editor,restricted,human_only,https://www.outlookindia.com/contact-us,2026-09-30,Official page designates this address specifically for letters to the editor.,Only use for a genuine concise response to a particular Outlook article; not for generic promotion.,India,Asia/Kolkata
finance-india,Finance India,Editorial Office,editorial@financeindia.org,journal,India,"finance research,economics,policy briefs",Original academic research submission,excluded,excluded,https://financeindia.org/asi.htm,2026-09-30,Official instructions require an original research submission and list a non-refundable submission fee.,Outside scope because this is a paid formal research-submission route and Daily Yield articles are not academic manuscripts.,India,Asia/Kolkata
the-financial-diet,The Financial Diet,Editorial Team,soraya@thefinancialdiet.com,publication,US,"personal finance,career,lifestyle",Historical freelance pitch route,excluded,excluded,https://thefinancialdiet.com/write-for-us/,2026-09-30,The previously indexed pitch page now returns a 404 and says editorial migrated to a newsletter.,Do not contact the historical address unless a current official invitation is republished.,United States,America/New_York
forbes-news-tips,Forbes,News Tips Desk,tips@forbes.com,publication,global,"markets,economy,investing,personal finance",Factual story idea or news tip,eligible,auto_approved,https://www.forbes.com/sites/forbesstaff/article/forbes-editorial-values-and-standards/,2026-10-01,Official Forbes Editorial Values and Standards page states that story ideas or news for coverage may be sent to tips@forbes.com.,"Official news-tip invitation permits one specific, sourced editorial idea; never request or promise a backlink.",Global,America/New_York
fortune-personal-finance,Fortune,Jasmine Suarez,jasmine.suarez@fortune.com,publication,global,"personal finance,e-commerce,careers,saving,investing",Succinct original freelance story pitch,eligible,auto_approved,https://fortune.com/2021/04/15/how-to-pitch-fortune-get-a-story-picked-up-business-magazine-freelance-work-pitching-advice/,2026-10-04,Official Fortune pitching guide invites personal-finance and e-commerce pitches to this named editor and requires a specific original story proposal.,Pitch one original angle under 500 words; existing Daily Yield work is portfolio context only.,Global,America/New_York
business-insider-personal-finance,Business Insider,Lauryn Haas,lhaas@businessinsider.com,publication,global,"personal finance,careers,small business,real estate,economy",Exclusive original freelance story pitch,eligible,auto_approved,https://www.businessinsider.com/how-to-write-for-business-insider-2020-4,2026-10-04,Official current writing guide invites personal-finance freelance pitches to this named editor.,Pitch an original unpublished story; do not offer promotional or sponsored content.,Global,America/New_York
investopedia-news-tips,Investopedia,News Tips Desk,tips@investopedia.com,publication,global,"markets,economy,investing,personal finance,banking",Specific sourced finance news or reporting idea,eligible,auto_approved,https://www.investopedia.com/nonfarm-payrolls-jobs-report-september-12153893,2026-10-04,Current official Investopedia reporting page expressly invites news tips at this address.,Send one specific evidence-backed reporting idea; no backlink or coverage demand.,Global,America/New_York
inc-contributors,Inc.,Editorial Contributions Team,contributors@inc.com,publication,global,"entrepreneurship,small business,careers,financial management",Contributor inquiry with an original editorial angle,eligible,auto_approved,https://www.inc.com/about/contact-us.html,2026-10-04,Official Inc. contact page invites prospective contributors to send a note to this editorial address and says not to send unsolicited manuscripts.,"Send only a concise contributor note and angle, never an unsolicited manuscript.",Global,America/New_York
best-finance-resource,Best Finance Resource,Editorial Team,2500cent@gmail.com,publication,global,"personal finance,budgeting,saving,credit,taxes,investing",Original guest-contribution pitch,eligible,auto_approved,https://bestfinanceresource.com/write-for-us/,2026-10-04,Official contribution page invites finance pitches at this published address.,Pitch first; create original work only after acceptance.,Global,America/New_York
finance-care-online,Finance Care Online,Editor,admin@finanacecareonline.com,publication,global,"personal finance,law,education,saving,investing",Original finance guest-post pitch,eligible,auto_approved,https://www.finanacecareonline.com/p/guest-post.html,2026-10-04,Official guest-post page invites finance-related proposals at this published address.,Pitch a relevant original idea; no paid placement or reciprocal-link offer.,Global,America/New_York
financebuzz-contributors,FinanceBuzz Magazine,Editorial Team,info@financebuzz.net,publication,global,"personal finance,insurance,investing,markets,business",Two-to-four original finance article ideas,eligible,auto_approved,https://www.financebuzz.net/write-for-us/,2026-10-04,Official submission guide invites finance topic proposals at this address before drafting.,"Send a concise proposal, not a finished article or placement request.",Global,America/New_York
investmentpedia-contributors,Investment Pedia,Editorial Team,investmentpediaorg@gmail.com,publication,global,"personal finance,investing,markets,budgeting,business",Short original finance article pitch,eligible,auto_approved,https://www.investmentpedia.org/write-for-us-finance/,2026-10-04,Official contribution guide instructs writers to pitch the topic and reader value first at this address.,"No paid placement, link exchange or completed manuscript in the initial message.",Global,America/New_York
financeproper-contributors,FinanceProper,Editorial Team,tech4english@gmail.com,publication,global,"personal finance,business,economy,investing,fintech",Original evidence-based finance contribution pitch,eligible,auto_approved,https://financeproper.com/write-for-us/,2026-10-04,Official contribution page invites original finance and business submissions through this published editorial address.,Propose an original evidence-based article; no promotional copy.,Global,America/New_York
